<?xml version="1.0" encoding="UTF-8"?>

<mule xmlns:ee="http://www.mulesoft.org/schema/mule/ee/core" xmlns:http="http://www.mulesoft.org/schema/mule/http"
	xmlns="http://www.mulesoft.org/schema/mule/core"
	xmlns:doc="http://www.mulesoft.org/schema/mule/documentation" xmlns:xsi="http://www.w3.org/2001/XMLSchema-instance" xsi:schemaLocation="http://www.mulesoft.org/schema/mule/core http://www.mulesoft.org/schema/mule/core/current/mule.xsd
http://www.mulesoft.org/schema/mule/http http://www.mulesoft.org/schema/mule/http/current/mule-http.xsd
http://www.mulesoft.org/schema/mule/ee/core http://www.mulesoft.org/schema/mule/ee/core/current/mule-ee.xsd">
	<http:listener-config name="HTTP_Listener_config" doc:name="HTTP Listener config" doc:id="990f2e35-bd5b-4bd2-9e4f-68f3574cd492" >
		<http:listener-connection host="0.0.0.0" port="8081" />
	</http:listener-config>
	<flow name="CodeChlg1and2Flow" doc:id="ed23ae31-8429-46a1-a163-6ae9abb183aa" >
		<http:listener doc:name="Listener" doc:id="809edaae-eff1-427c-acef-b5b1f59da94a" config-ref="HTTP_Listener_config" path="/codechlg1and2" allowedMethods="POST">
			<http:response statusCode="201" />
		</http:listener>
		<ee:transform doc:name="Transform Message" doc:id="e733966e-0eed-45a9-a7ca-85fc87a76986" >
			<ee:message >
				<ee:set-payload ><![CDATA[%dw 2.0
output text/plain
---
lookup("CodeChlg1and2Flow1", payload.employee.first_name ++ " "
++ payload.employee.last_name ++ " was created successfully. (Employee ID : "
	++ payload.employee.id ++ ")")]]></ee:set-payload>
			</ee:message>
		</ee:transform>
		<logger level="INFO" doc:name="Logger" doc:id="db48ee89-d312-4666-99cb-ac549efdad58" />
	</flow>
	<flow name="CodeChlg1and2Flow1" doc:id="bb5e4b96-c8aa-475e-9b92-e6c131469408" >
		<set-payload value="#[payload]" doc:name="Set Payload" doc:id="36994d1d-9195-4203-8b06-402c750529f2" />
	</flow>
</mule>
