<?xml version="1.0" encoding="UTF-8"?>

<mule xmlns:ee="http://www.mulesoft.org/schema/mule/ee/core" xmlns:http="http://www.mulesoft.org/schema/mule/http"
	xmlns="http://www.mulesoft.org/schema/mule/core"
	xmlns:doc="http://www.mulesoft.org/schema/mule/documentation" xmlns:xsi="http://www.w3.org/2001/XMLSchema-instance" xsi:schemaLocation="http://www.mulesoft.org/schema/mule/core http://www.mulesoft.org/schema/mule/core/current/mule.xsd
http://www.mulesoft.org/schema/mule/http http://www.mulesoft.org/schema/mule/http/current/mule-http.xsd
http://www.mulesoft.org/schema/mule/ee/core http://www.mulesoft.org/schema/mule/ee/core/current/mule-ee.xsd">
	<flow name="functionFlow" doc:id="76d8c30e-1c90-4b02-8fa0-b49b135e5754" >
		<http:listener doc:name="Listener" doc:id="82777619-29db-47c8-9d47-483f25301d63" config-ref="HTTP_Listener_config" path="/codechlg3" allowedMethods="GET"/>
		<ee:transform doc:name="Transform Message" doc:id="f51d0776-ed43-4464-af43-630a5aea8079" >
			<ee:message >
				<ee:set-payload ><![CDATA[%dw 2.0
import modules::codechlg3 as call
output application/json
---
{
	"result": call::camelCase("_name_starts_with_underscore")
}]]></ee:set-payload>
			</ee:message>
		</ee:transform>
	
</flow>
</mule>
